typePiece,Type,SousType
ACTE DE DECES,SITUATION FAMILIALE,ACTE DE DECES
ACTE DE NAISSANCE / ACTE NAISSANCE,SITUATION FAMILIALE,EXTRAIT ACTE DE NAISSANCE
ACTE MARIAGE,SITUATION FAMILIALE,ACTE DE MARIAGE/PACS
ANNEXE SALAIRE DCD,COURRIER,JUSTIFICATIF EMPLOYEUR
ANNEXE TARIFAIRE,COURRIER,REVISION TARIFAIRE
ANNONCES DECES,SITUATION FAMILIALE,ACTE DE DECES, BULLETIN DE DECES OU DECLARATION DE DECES
ATTESTATION ASSEDIC,SITUATION FAMILIALE,JUSTIFICATIF INDEMNISATION POLE EMPLOI
ATTESTATION DE PAIEMENT,MOYEN DE PAIEMENT,ENCAISSEMENT/VIREMENT
ATTESTATION DE RESSOURCES ANNUELLES,JUSTIFICATIF IDENTITE,AVIS IMPOSITION
ATTESTATION DE RESSOURCES PR2PC320,SITUATION FAMILIALE,ATTESTATION DE RESSOURCES
ATTESTATION DE RESSOURCES PR2PC320BIS,SITUATION FAMILIALE,ATTESTATION DE RESSOURCES
ATTESTATION SUR L HONNEUR,SITUATION FAMILIALE,ATTESTATION SUR L HONNEUR
ATTESTATION SUR L HONNEUR ART 990,SITUATION FAMILIALE,ATTESTATION SUR L HONNEUR
AUTRE DECOMPTE,REPRISE,DECOMPTE PREVOYANCE
AVIS IMPOSITION,JUSTIFICATIF IDENTITE,AVIS IMPOSITION
AVIS PAIEMENT ASSEDIC,SITUATION FAMILIALE,JUSTIFICATIF INDEMNISATION POLE EMPLOI
AVIS TIERS DETENTEUR,REPRISE,AVIS TIERS DETENTEUR
BULLETIN ADHESION FACO,ADHESION,ADHESION PREVOYANCE
BULLETIN AFFILIATION NON VRP,ADHESION,ADHESION PREVOYANCE
BULLETIN AFFILIATION VRP,ADHESION,ADHESION PREVOYANCE
BULLETIN DE SALAIRE,SITUATION FAMILIALE,ATTESTATION DE RESSOURCES
* A migrer = vide * CARTE IDENTITE,JUSTIFICATIF IDENTITE,CARTE IDENTITE
CERTIF MEDICAL DCD,SITUATION FAMILIALE,ACTE DE DECES, BULLETIN DE DECES OU DECLARATION DE DECES
CERTIF MEDICAL INVAL,DOCUMENT DE SANTE,CARTE INVALIDITE/RECONNAISSANCE HANDICAP
CERTIFICAT DE VIE COMMUNE,SITUATION FAMILIALE,ACTE DE MARIAGE/PACS
CERTIFICAT EMPLOYEUR,COURRIER,JUSTIFICATIF EMPLOYEUR
CERTIFICAT HEREDITE,SITUATION FAMILIALE,ACTE DE MARIAGE/PACS
CERTIFICAT SCOLARITE,SITUATION FAMILIALE,CERTIFICAT SCOLARITE
* A migrer = N * CHANGEMENT ADRESSE,COURRIER,CHANGEMENT DOMICILE
CHEQUE,MOYEN DE PAIEMENT,CHEQUE
CHOIX OPTION PAGES JAUNES,ADHESION,ADHESION PREVOYANCE
CONTRAT ACCEPTE,ADHESION,ADHESION PREVOYANCE
* A migrer = vide * CONTRAT APPRENTISSAGE,SITUATION FAMILIALE,CONTRAT APPRENTISSAGE
CONTRAT COLLECTIF,ADHESION,ADHESION PREVOYANCE
CONTRAT COLLECTIF INCOMPLET,ADHESION,ADHESION PREVOYANCE
* rouge * CONTRAT INDIVIDUEL VALIDE,AFFILIATION,AFFILIATION PREVOYANCE
* rouge * CONTRAT PREV I,AFFILIATION,AFFILIATION PREVOYANCE
* rouge * CONTRAT PREV K,AFFILIATION,AFFILIATION PREVOYANCE
CONTRAT TRAVAIL,COURRIER,JUSTIFICATIF EMPLOYEUR
* rouge * COURRIER CLIENT,COURRIER,COURRIER SIMPLE
* rouge * COURRIER PARTENARIAT ADHESIONS,COURRIER,COURRIER SIMPLE
* rouge * COURRIER PARTENARIAT PRESTATIONS,COURRIER,COURRIER SIMPLE
* rouge * COURRIER PRESTATIONS,COURRIER,COURRIER SIMPLE
* A migrer = N * COURRIERS ADHESIONS,ADHESION,ADHESION PREVOYANCE
DECLARATION SALAIRES INCAPACITE,REPRISE,LISTING SALAIRES INCAPACITE
DECLARATION SALAIRES INVALIDITE,REPRISE,LISTING SALAIRES INVALIDITE
DECOMPTE IJ,REPRISE,DECOMPTE PREVOYANCE IJ
DECOMPTE INPR,REPRISE,DECOMPTE PREVOYANCE INPR
DEMANDE DE RESTITUTION,REPRISE,DEMANDE REMBOURSEMENT PREVOYANCE
DEMANDE FRAIS OBSEQUES,SITUATION FAMILIALE,FACTURE OBSEQUES
DEMANDE IJ,REPRISE,DECOMPTE PREVOYANCE IJ
* rouge * DEMANDE PRESTATION,COURRIER,COURRIER SIMPLE
DEMANDE REGLEMENT DC,SITUATION FAMILIALE,ACTE DE DECES
DESIGNATION DECES,DESIGNATION BENEFICIAIRE,DESIGNATION DE BENEFICIAIRE
ECHEANCIER,ENTREPRISE,DEMANDE DE DELAIS DE PAIEMENT
ENFANTS A CHARGE,SITUATION FAMILIALE,CERTIFICAT SCOLARITE
IMPOSITION ICIV,JUSTIFICATIF IDENTITE,AVIS IMPOSITION
INFO IJ EMPLOYEUR,REPRISE,DECOMPTE PREVOYANCE IJ
JUSTIF ASSEDIC,SITUATION FAMILIALE,JUSTIFICATIF INDEMNISATION POLE EMPLOI
* A migrer = vide * K BIS,ENTREPRISE,EXTRAIT KBIS
LETTRE NOTARIEE,SITUATION FAMILIALE,ACTE NOTARIE
LIVRET DE FAMILLE / LIVRET FAMILLE,SITUATION FAMILIALE,LIVRET DE FAMILLE
NOTIFICATION INVALIDITE,DOCUMENT DE SANTE,CARTE INVALIDITE/RECONNAISSANCE HANDICAP
OFFRE1VRP CONTRAT,REPRISE,CONTRAT OMNIREP
P DROITS ENF ICIV,SITUATION FAMILIALE,CERTIFICAT SCOLARITE
* A migrer = vide * PASSEPORT,JUSTIFICATIF IDENTITE,PASSEPORT
PERSISTANCE NON IMPOSITION,JUSTIFICATIF IDENTITE,AVIS IMPOSITION
PRESENCE FRAIS OBSEQUES,SITUATION FAMILIALE,FACTURE OBSEQUES
PROCES VERBAL,REPRISE,PROCES VERBAL
QUESTIONNAIRE AE,REPRISE,ALLOCATION EDUCATION
REJET DE VIREMENT,COURRIER,AVIS DE REJET BANQUE
RIB,MOYEN DE PAIEMENT,RIB/MANDAT SEPA
SALAIRE DCD,REPRISE,BULLETIN DE SALAIRE
SALAIRE INCAP,REPRISE,BULLETIN DE SALAIRE